<application>
  <component name="FileTypeManager" version="17">
    <extensionMap>
      <mapping pattern="test" type="PLAIN_TEXT" />
      <mapping pattern="axios" type="PLAIN_TEXT" />
      <mapping pattern=".vault_pass" type="PLAIN_TEXT" />
      <mapping pattern="UsersRepository" type="PLAIN_TEXT" />
      <mapping pattern="configDB.sql" type="PLAIN_TEXT" />
      <mapping pattern="models/users.ts" type="PLAIN_TEXT" />
      <mapping pattern="users" type="PLAIN_TEXT" />
      <mapping pattern="docker/php/Dockerfile" type="PLAIN_TEXT" />
      <mapping pattern="middlewares/ErrorMiddlewares" type="PLAIN_TEXT" />
      <mapping pattern="GetAllCategoryTutoriels" type="PLAIN_TEXT" />
      <mapping pattern="node/Dockerfile" type="PLAIN_TEXT" />
      <mapping ext="j2" type="PLAIN_TEXT" />
      <mapping ext="db" type="PLAIN_TEXT" />
      <removed_mapping ext="cmd" approved="true" type="PLAIN_TEXT" />
      <removed_mapping ext="log" approved="true" type="PLAIN_TEXT" />
      <removed_mapping ext="bat" approved="true" type="PLAIN_TEXT" />
      <mapping pattern="db" type="SQL" />
      <mapping pattern="requests" type="SQL" />
      <mapping pattern="ritelg_project.*" type="TypeScript" />
      <removed_mapping ext="bat" approved="true" type="PLAIN_TEXT" />
      <removed_mapping ext="log" approved="true" type="PLAIN_TEXT" />
      <removed_mapping pattern="Makefile" approved="true" type="PLAIN_TEXT" />
      <removed_mapping ext="dockerfile" approved="true" type="textmate" />
      <removed_mapping ext="makefile" approved="true" type="textmate" />
      <removed_mapping ext="cmd" approved="true" type="PLAIN_TEXT" />
      <removed_mapping ext="snakefile" approved="true" type="textmate" />
    </extensionMap>
  </component>
</application>