<application>
  <component name="LanguageInjectionConfiguration">
    <injection language="DTD" injector-id="xml">
      <display-name>doctrine-mapping</display-name>
      <place><![CDATA[xmlTag().withLocalName(string().equalTo("doctrine-mapping")).withNamespace(string().equalTo("http://doctrine-project.org/schemas/orm/doctrine-mapping"))]]></place>
    </injection>
    <injection language="XML" injector-id="xml">
      <display-name>entity</display-name>
      <place><![CDATA[xmlTag().withLocalName(string().equalTo("entity")).withNamespace(string().equalTo("http://doctrine-project.org/schemas/orm/doctrine-mapping"))]]></place>
    </injection>
  </component>
</application>